author_id,comment_publish,product_name,conversion
id_78474,2017/10/8,ªd«½«½¬¡©ÊºÒ­±½¤,0
id_78474,2017/9/11,¬ü½§ªd¼ß­±½¤ Active Mud for Face & Body,1
id_65872,2014/3/19,¬ü½§ªd¼ß­±½¤ Active Mud for Face & Body,1
id_361728,2015/5/16,ªd«½«½¬¡©ÊºÒ­±½¤,0
id_361728,2015/5/8,¬ü½§ªd¼ß­±½¤ Active Mud for Face & Body,1
id_396106,2014/4/3,¬ü½§ªd¼ß­±½¤ Active Mud for Face & Body,1
id_414172,2015/4/4,¬ü½§ªd¼ß­±½¤ Active Mud for Face & Body,1
id_50264,2016/7/8,¬ü½§ªd¼ß­±½¤ Active Mud for Face & Body,1
id_50264,2011/8/11,¼ä½§¦Bªeªd,0
id_50264,2008/8/10,ÄªîP¼ÅÁy¾®ÅS,0
id_408916,2016/2/21,¬ü½§ªd¼ß­±½¤ Active Mud for Face & Body,1
id_403756,2014/8/18,¬ü½§ªd¼ß­±½¤ Active Mud for Face & Body,1
id_294143,2013/2/23,¬ü½§ªd¼ß­±½¤ Active Mud for Face & Body,1
id_303836,2012/10/28,¬ü½§ªd¼ß­±½¤ Active Mud for Face & Body,1
id_367308,2017/3/30,¬ü½§ªd¼ß­±½¤ Active Mud for Face & Body,1
id_206885,2016/5/8,¬ü½§ªd¼ß­±½¤ Active Mud for Face & Body,1
id_132929,2014/10/4,¬ü½§ªd¼ß­±½¤ Active Mud for Face & Body,1
id_2967,2017/5/24,¬ü½§ªd¼ß­±½¤ Active Mud for Face & Body,1
id_53074,2017/5/8,¬ü½§ªd¼ß­±½¤ Active Mud for Face & Body,1
id_357060,2017/2/9,ªd«½«½¬¡©ÊºÒ­±½¤,0
id_357060,2017/2/9,¬ü½§ªd¼ß­±½¤ Active Mud for Face & Body,1
id_300908,2015/2/5,¬ü½§ªd¼ß­±½¤ Active Mud for Face & Body,1
id_248542,2014/10/7,¬ü½§ªd¼ß­±½¤ Active Mud for Face & Body,1
id_248542,2011/7/13,ÄªîP¼ÅÁy¾®ÅS,0
id_16829,2011/6/30,¬ü½§ªd¼ß­±½¤ Active Mud for Face & Body,1
id_16829,2010/11/23,¬õ¥ÛºhCoQ10­±½¤,0
id_16829,2005/12/17,ÄªîP¼ÅÁy¾®ÅS,0
id_209040,2017/5/2,¬ü½§ªd¼ß­±½¤ Active Mud for Face & Body,1
id_438677,2016/7/1,¬ü½§ªd¼ß­±½¤ Active Mud for Face & Body,1
id_429969,2016/2/5,¬ü½§ªd¼ß­±½¤ Active Mud for Face & Body,1
id_342938,2015/4/8,¬ü½§ªd¼ß­±½¤ Active Mud for Face & Body,1
id_342938,2013/4/30,¼ä½§¦Bªeªd,0
id_387495,2014/8/27,¬ü½§ªd¼ß­±½¤ Active Mud for Face & Body,1
id_96505,2014/4/9,¬ü½§ªd¼ß­±½¤ Active Mud for Face & Body,1
id_372170,2013/6/2,¬ü½§ªd¼ß­±½¤ Active Mud for Face & Body,1
id_296980,2013/5/16,¬ü½§ªd¼ß­±½¤ Active Mud for Face & Body,1
id_356531,2015/7/28,¬ü½§ªd¼ß­±½¤ Active Mud for Face & Body,1
id_383862,2013/10/14,¬ü½§ªd¼ß­±½¤ Active Mud for Face & Body,1
id_281627,2011/6/4,ÄªîP¼ÅÁy¾®ÅS,0
id_281627,2011/5/17,¬ü½§ªd¼ß­±½¤ Active Mud for Face & Body,1
id_229028,2010/7/6,¬ü½§ªd¼ß­±½¤ Active Mud for Face & Body,1
id_229028,2010/4/2,¼ä½§¦Bªeªd,0
id_426852,2016/3/21,¬ü½§ªd¼ß­±½¤ Active Mud for Face & Body,1
id_333598,2016/1/20,¬ü½§ªd¼ß­±½¤ Active Mud for Face & Body,1
id_47524,2015/10/6,¬ü½§ªd¼ß­±½¤ Active Mud for Face & Body,1
id_47524,2006/6/11,ÄªîP¼ÅÁy¾®ÅS,0
id_390156,2014/8/10,¬ü½§ªd¼ß­±½¤ Active Mud for Face & Body,1
id_192519,2014/4/21,¬ü½§ªd¼ß­±½¤ Active Mud for Face & Body,1
id_376134,2013/12/10,¬ü½§ªd¼ß­±½¤ Active Mud for Face & Body,1
id_315452,2013/7/17,¬ü½§ªd¼ß­±½¤ Active Mud for Face & Body,1
id_272245,2011/7/23,¬ü½§ªd¼ß­±½¤ Active Mud for Face & Body,1
id_386098,2016/7/8,¼ä½§¦Bªeªd,0
id_386098,2016/5/31,ªd«½«½¬¡©ÊºÒ­±½¤,0
id_386098,2016/5/19,¬ü½§ªd¼ß­±½¤ Active Mud for Face & Body,1
id_174265,2015/2/8,¬ü½§ªd¼ß­±½¤ Active Mud for Face & Body,1
id_392989,2014/2/13,¬ü½§ªd¼ß­±½¤ Active Mud for Face & Body,1
id_179736,2013/7/31,¬ü½§ªd¼ß­±½¤ Active Mud for Face & Body,1
id_337063,2013/2/18,¬ü½§ªd¼ß­±½¤ Active Mud for Face & Body,1
id_268804,2012/8/29,¬ü½§ªd¼ß­±½¤ Active Mud for Face & Body,1
id_268804,2012/6/18,ÄªîP¼ÅÁy¾®ÅS,0
id_297724,2011/11/3,¬ü½§ªd¼ß­±½¤ Active Mud for Face & Body,1
id_15939,2017/10/7,ªd«½«½¬¡©ÊºÒ­±½¤,0
id_15939,2011/6/21,¬ü½§ªd¼ß­±½¤ Active Mud for Face & Body,1
id_53863,2011/2/27,¬ü½§ªd¼ß­±½¤ Active Mud for Face & Body,1
id_53863,2010/12/5,¬õ¥ÛºhCoQ10­±½¤,0
id_418410,2016/6/15,¬ü½§ªd¼ß­±½¤ Active Mud for Face & Body,1
id_425850,2015/12/17,¬ü½§ªd¼ß­±½¤ Active Mud for Face & Body,1
id_409811,2015/1/22,¬ü½§ªd¼ß­±½¤ Active Mud for Face & Body,1
id_406987,2014/10/24,ÄªîP¼ÅÁy¾®ÅS,0
id_406987,2014/10/24,¬ü½§ªd¼ß­±½¤ Active Mud for Face & Body,1
id_406293,2014/11/20,¼ä½§¦Bªeªd,0
id_406293,2014/10/8,¬ü½§ªd¼ß­±½¤ Active Mud for Face & Body,1
id_405870,2014/9/27,¬ü½§ªd¼ß­±½¤ Active Mud for Face & Body,1
id_333736,2014/7/23,¬ü½§ªd¼ß­±½¤ Active Mud for Face & Body,1
id_321269,2014/5/24,¬ü½§ªd¼ß­±½¤ Active Mud for Face & Body,1
id_399429,2014/5/22,¬ü½§ªd¼ß­±½¤ Active Mud for Face & Body,1
id_396107,2014/4/3,¬ü½§ªd¼ß­±½¤ Active Mud for Face & Body,1
id_244987,2014/2/27,¬ü½§ªd¼ß­±½¤ Active Mud for Face & Body,1
id_266017,2014/1/14,¬ü½§ªd¼ß­±½¤ Active Mud for Face & Body,1
id_355632,2013/9/9,¬ü½§ªd¼ß­±½¤ Active Mud for Face & Body,1
id_378886,2013/7/21,¬ü½§ªd¼ß­±½¤ Active Mud for Face & Body,1
id_344309,2012/12/17,¬ü½§ªd¼ß­±½¤ Active Mud for Face & Body,1
id_334417,2012/9/7,¬ü½§ªd¼ß­±½¤ Active Mud for Face & Body,1
id_81924,2012/6/26,¬õ¥ÛºhCoQ10­±½¤,0
id_81924,2011/6/24,¬ü½§ªd¼ß­±½¤ Active Mud for Face & Body,1
id_277808,2011/3/17,¬ü½§ªd¼ß­±½¤ Active Mud for Face & Body,1
id_256485,2010/7/11,¬ü½§ªd¼ß­±½¤ Active Mud for Face & Body,1
id_377321,2013/7/1,¬ü½§ªd¼ß­±½¤ Active Mud for Face & Body,1
id_360878,2013/2/23,¬ü½§ªd¼ß­±½¤ Active Mud for Face & Body,1
id_360938,2013/2/16,¬ü½§ªd¼ß­±½¤ Active Mud for Face & Body,1
id_335949,2012/7/22,¬ü½§ªd¼ß­±½¤ Active Mud for Face & Body,1
id_329141,2012/6/10,¬ü½§ªd¼ß­±½¤ Active Mud for Face & Body,1
id_244905,2010/10/14,¬ü½§ªd¼ß­±½¤ Active Mud for Face & Body,1
id_416667,2015/5/30,¬ü½§ªd¼ß­±½¤ Active Mud for Face & Body,1
id_405758,2014/9/24,¬ü½§ªd¼ß­±½¤ Active Mud for Face & Body,1
id_403134,2014/9/16,¬ü½§ªd¼ß­±½¤ Active Mud for Face & Body,1
id_370823,2014/8/30,¬ü½§ªd¼ß­±½¤ Active Mud for Face & Body,1
id_390005,2014/6/20,¬ü½§ªd¼ß­±½¤ Active Mud for Face & Body,1
id_395948,2014/3/31,¬ü½§ªd¼ß­±½¤ Active Mud for Face & Body,1
id_16341,2014/3/31,¬ü½§ªd¼ß­±½¤ Active Mud for Face & Body,1
id_394761,2014/3/13,¬ü½§ªd¼ß­±½¤ Active Mud for Face & Body,1
id_391990,2014/1/25,¬ü½§ªd¼ß­±½¤ Active Mud for Face & Body,1
id_390874,2014/1/14,¬ü½§ªd¼ß­±½¤ Active Mud for Face & Body,1
id_383580,2013/9/10,¬ü½§ªd¼ß­±½¤ Active Mud for Face & Body,1
id_378494,2013/8/22,¬ü½§ªd¼ß­±½¤ Active Mud for Face & Body,1
id_380117,2013/8/11,ªd«½«½¬¡©ÊºÒ­±½¤,0
id_380117,2013/7/30,¬ü½§ªd¼ß­±½¤ Active Mud for Face & Body,1
id_364874,2013/6/11,¬ü½§ªd¼ß­±½¤ Active Mud for Face & Body,1
id_374376,2013/5/31,¬ü½§ªd¼ß­±½¤ Active Mud for Face & Body,1
id_58873,2013/3/28,¬ü½§ªd¼ß­±½¤ Active Mud for Face & Body,1
id_182140,2013/2/24,¬ü½§ªd¼ß­±½¤ Active Mud for Face & Body,1
id_353027,2013/1/8,¬ü½§ªd¼ß­±½¤ Active Mud for Face & Body,1
id_308770,2013/1/6,¬ü½§ªd¼ß­±½¤ Active Mud for Face & Body,1
id_355838,2012/12/23,¬ü½§ªd¼ß­±½¤ Active Mud for Face & Body,1
id_325732,2012/11/14,¬ü½§ªd¼ß­±½¤ Active Mud for Face & Body,1
id_319306,2012/6/2,¬ü½§ªd¼ß­±½¤ Active Mud for Face & Body,1
id_329213,2012/5/28,¬ü½§ªd¼ß­±½¤ Active Mud for Face & Body,1
id_252806,2012/1/31,¬ü½§ªd¼ß­±½¤ Active Mud for Face & Body,1
id_252806,2011/6/9,¬õ¥ÛºhCoQ10­±½¤,0
id_309678,2012/1/25,¬ü½§ªd¼ß­±½¤ Active Mud for Face & Body,1
id_369051,2014/7/16,¬ü½§ªd¼ß­±½¤ Active Mud for Face & Body,1
id_366986,2013/4/12,¬ü½§ªd¼ß­±½¤ Active Mud for Face & Body,1
id_338026,2012/10/7,¬ü½§ªd¼ß­±½¤ Active Mud for Face & Body,1
id_338026,2012/9/8,ÄªîP¼ÅÁy¾®ÅS,0
id_338471,2012/8/12,¬ü½§ªd¼ß­±½¤ Active Mud for Face & Body,1
id_103901,2012/7/20,¬ü½§ªd¼ß­±½¤ Active Mud for Face & Body,1
id_82852,2012/7/18,¬ü½§ªd¼ß­±½¤ Active Mud for Face & Body,1
id_82852,2012/6/25,¬õ¥ÛºhCoQ10­±½¤,0
id_25192,2012/7/2,¬ü½§ªd¼ß­±½¤ Active Mud for Face & Body,1
id_25192,2005/12/24,ÄªîP¼ÅÁy¾®ÅS,0
id_124011,2012/6/10,¬ü½§ªd¼ß­±½¤ Active Mud for Face & Body,1
id_319369,2012/5/28,¬ü½§ªd¼ß­±½¤ Active Mud for Face & Body,1
id_271760,2012/3/24,¬ü½§ªd¼ß­±½¤ Active Mud for Face & Body,1
id_253520,2012/3/5,¬ü½§ªd¼ß­±½¤ Active Mud for Face & Body,1
id_239454,2011/8/9,¬ü½§ªd¼ß­±½¤ Active Mud for Face & Body,1
id_273402,2011/7/20,¬ü½§ªd¼ß­±½¤ Active Mud for Face & Body,1
id_384425,2013/9/12,¬ü½§ªd¼ß­±½¤ Active Mud for Face & Body,1
id_383990,2013/9/8,¬ü½§ªd¼ß­±½¤ Active Mud for Face & Body,1
id_162423,2013/8/26,¬ü½§ªd¼ß­±½¤ Active Mud for Face & Body,1
id_143970,2013/8/1,ªd«½«½¬¡©ÊºÒ­±½¤,0
id_143970,2013/7/15,¬ü½§ªd¼ß­±½¤ Active Mud for Face & Body,1
id_306426,2013/6/6,ÄªîP¼ÅÁy¾®ÅS,0
id_306426,2013/6/6,¬ü½§ªd¼ß­±½¤ Active Mud for Face & Body,1
id_357361,2013/5/8,¬ü½§ªd¼ß­±½¤ Active Mud for Face & Body,1
id_370435,2013/4/23,¬ü½§ªd¼ß­±½¤ Active Mud for Face & Body,1
id_364838,2013/3/15,¬ü½§ªd¼ß­±½¤ Active Mud for Face & Body,1
id_364838,2013/3/12,ÄªîP¼ÅÁy¾®ÅS,0
id_364752,2013/3/11,¬ü½§ªd¼ß­±½¤ Active Mud for Face & Body,1
id_235160,2013/3/8,ªd«½«½¬¡©ÊºÒ­±½¤,0
id_235160,2013/3/8,¬ü½§ªd¼ß­±½¤ Active Mud for Face & Body,1
id_340673,2013/2/13,¬ü½§ªd¼ß­±½¤ Active Mud for Face & Body,1
id_166753,2013/1/31,¬ü½§ªd¼ß­±½¤ Active Mud for Face & Body,1
id_351553,2013/1/14,¬ü½§ªd¼ß­±½¤ Active Mud for Face & Body,1
id_352619,2012/11/19,¼ä½§¦Bªeªd,0
id_352619,2012/11/18,¬ü½§ªd¼ß­±½¤ Active Mud for Face & Body,1
id_281156,2012/7/25,¬ü½§ªd¼ß­±½¤ Active Mud for Face & Body,1
id_240278,2012/4/20,¬ü½§ªd¼ß­±½¤ Active Mud for Face & Body,1
id_16600,2011/12/5,¬ü½§ªd¼ß­±½¤ Active Mud for Face & Body,1
id_272866,2011/2/22,¬ü½§ªd¼ß­±½¤ Active Mud for Face & Body,1
id_99516,2010/5/17,¬ü½§ªd¼ß­±½¤ Active Mud for Face & Body,1
id_245310,2010/5/5,¬ü½§ªd¼ß­±½¤ Active Mud for Face & Body,1
id_182087,2014/8/27,¬ü½§ªd¼ß­±½¤ Active Mud for Face & Body,1
id_386955,2013/10/25,¬ü½§ªd¼ß­±½¤ Active Mud for Face & Body,1
id_386264,2013/10/4,¬ü½§ªd¼ß­±½¤ Active Mud for Face & Body,1
id_123828,2013/8/22,¬ü½§ªd¼ß­±½¤ Active Mud for Face & Body,1
id_366789,2013/6/10,¬ü½§ªd¼ß­±½¤ Active Mud for Face & Body,1
id_368445,2013/4/16,¬ü½§ªd¼ß­±½¤ Active Mud for Face & Body,1
id_349022,2012/12/19,¬ü½§ªd¼ß­±½¤ Active Mud for Face & Body,1
id_318754,2012/9/8,¬ü½§ªd¼ß­±½¤ Active Mud for Face & Body,1
id_318816,2012/8/31,¬ü½§ªd¼ß­±½¤ Active Mud for Face & Body,1
id_339533,2012/8/20,¬ü½§ªd¼ß­±½¤ Active Mud for Face & Body,1
id_329413,2012/7/5,¬ü½§ªd¼ß­±½¤ Active Mud for Face & Body,1
id_181510,2012/4/29,¬ü½§ªd¼ß­±½¤ Active Mud for Face & Body,1
id_308120,2012/4/21,¬ü½§ªd¼ß­±½¤ Active Mud for Face & Body,1
id_280840,2012/1/4,¬ü½§ªd¼ß­±½¤ Active Mud for Face & Body,1
id_296742,2011/10/11,¬ü½§ªd¼ß­±½¤ Active Mud for Face & Body,1
id_215271,2011/6/25,¬ü½§ªd¼ß­±½¤ Active Mud for Face & Body,1
id_273228,2011/6/19,¬ü½§ªd¼ß­±½¤ Active Mud for Face & Body,1
id_141478,2011/6/12,¬ü½§ªd¼ß­±½¤ Active Mud for Face & Body,1
id_257050,2011/6/24,ÄªîP¼ÅÁy¾®ÅS,0
id_257050,2011/3/16,¬ü½§ªd¼ß­±½¤ Active Mud for Face & Body,1
id_253185,2011/3/13,¬ü½§ªd¼ß­±½¤ Active Mud for Face & Body,1
id_259711,2011/3/13,¬ü½§ªd¼ß­±½¤ Active Mud for Face & Body,1
id_229450,2011/1/22,¬ü½§ªd¼ß­±½¤ Active Mud for Face & Body,1
id_187534,2011/1/18,¬ü½§ªd¼ß­±½¤ Active Mud for Face & Body,1
id_247655,2010/12/27,¬ü½§ªd¼ß­±½¤ Active Mud for Face & Body,1
id_247655,2010/4/30,ªd«½«½¬¡©ÊºÒ­±½¤,0
id_237624,2010/10/14,¬ü½§ªd¼ß­±½¤ Active Mud for Face & Body,1
id_243426,2010/10/14,¬ü½§ªd¼ß­±½¤ Active Mud for Face & Body,1
id_70224,2010/9/17,¬ü½§ªd¼ß­±½¤ Active Mud for Face & Body,1
id_164362,2010/8/13,¬ü½§ªd¼ß­±½¤ Active Mud for Face & Body,1
id_256472,2010/8/15,ÄªîP¼ÅÁy¾®ÅS,0
id_256472,2010/8/10,¬ü½§ªd¼ß­±½¤ Active Mud for Face & Body,1
id_253167,2013/4/25,¬ü½§ªd¼ß­±½¤ Active Mud for Face & Body,1
id_253167,2010/12/3,ÄªîP¼ÅÁy¾®ÅS,0
id_294697,2012/5/19,¬ü½§ªd¼ß­±½¤ Active Mud for Face & Body,1
id_101022,2012/5/16,ÄªîP¼ÅÁy¾®ÅS,0
id_101022,2012/4/24,¼ä½§¦Bªeªd,0
id_101022,2012/4/21,¬ü½§ªd¼ß­±½¤ Active Mud for Face & Body,1
id_285217,2011/7/27,¬ü½§ªd¼ß­±½¤ Active Mud for Face & Body,1
id_177629,2011/7/23,¬ü½§ªd¼ß­±½¤ Active Mud for Face & Body,1
id_104462,2011/6/15,¬ü½§ªd¼ß­±½¤ Active Mud for Face & Body,1
id_259858,2011/5/1,¬ü½§ªd¼ß­±½¤ Active Mud for Face & Body,1
id_125265,2011/4/1,¬ü½§ªd¼ß­±½¤ Active Mud for Face & Body,1
id_103346,2011/1/29,¬ü½§ªd¼ß­±½¤ Active Mud for Face & Body,1
id_247600,2010/12/17,¬ü½§ªd¼ß­±½¤ Active Mud for Face & Body,1
id_240731,2010/12/10,¬ü½§ªd¼ß­±½¤ Active Mud for Face & Body,1
id_255387,2010/6/9,¬ü½§ªd¼ß­±½¤ Active Mud for Face & Body,1
id_350166,2012/11/16,¬ü½§ªd¼ß­±½¤ Active Mud for Face & Body,1
id_190578,2012/9/12,¬ü½§ªd¼ß­±½¤ Active Mud for Face & Body,1
id_190578,2012/9/12,ªd«½«½¬¡©ÊºÒ­±½¤,0
id_321710,2012/7/28,¬ü½§ªd¼ß­±½¤ Active Mud for Face & Body,1
id_316336,2012/3/16,¬ü½§ªd¼ß­±½¤ Active Mud for Face & Body,1
id_173954,2012/3/9,¬ü½§ªd¼ß­±½¤ Active Mud for Face & Body,1
id_272018,2012/2/6,¬ü½§ªd¼ß­±½¤ Active Mud for Face & Body,1
id_192727,2012/1/29,¬ü½§ªd¼ß­±½¤ Active Mud for Face & Body,1
id_239068,2012/1/15,¬ü½§ªd¼ß­±½¤ Active Mud for Face & Body,1
id_99855,2011/12/30,¼ä½§¦Bªeªd,0
id_99855,2011/12/29,¬ü½§ªd¼ß­±½¤ Active Mud for Face & Body,1
id_300332,2011/10/28,¬ü½§ªd¼ß­±½¤ Active Mud for Face & Body,1
id_205075,2011/10/22,¬ü½§ªd¼ß­±½¤ Active Mud for Face & Body,1
id_282329,2011/8/22,¬ü½§ªd¼ß­±½¤ Active Mud for Face & Body,1
id_290336,2011/8/15,¬ü½§ªd¼ß­±½¤ Active Mud for Face & Body,1
id_37806,2011/8/12,¬ü½§ªd¼ß­±½¤ Active Mud for Face & Body,1
id_287652,2011/8/3,¬ü½§ªd¼ß­±½¤ Active Mud for Face & Body,1
id_269541,2011/6/18,¬ü½§ªd¼ß­±½¤ Active Mud for Face & Body,1
id_266044,2011/6/18,¬ü½§ªd¼ß­±½¤ Active Mud for Face & Body,1
id_266044,2010/11/4,ÄªîP¼ÅÁy¾®ÅS,0
id_57972,2011/11/11,¼ä½§¦Bªeªd,0
id_57972,2011/6/11,¬ü½§ªd¼ß­±½¤ Active Mud for Face & Body,1
id_111425,2011/5/30,¬ü½§ªd¼ß­±½¤ Active Mud for Face & Body,1
id_273326,2011/5/19,¬ü½§ªd¼ß­±½¤ Active Mud for Face & Body,1
id_280144,2012/8/4,ªd«½«½¬¡©ÊºÒ­±½¤,0
id_280144,2011/5/3,¼ä½§¦Bªeªd,0
id_280144,2011/5/3,¬ü½§ªd¼ß­±½¤ Active Mud for Face & Body,1
id_211695,2011/4/13,¬ü½§ªd¼ß­±½¤ Active Mud for Face & Body,1
id_247869,2011/3/4,¬ü½§ªd¼ß­±½¤ Active Mud for Face & Body,1
id_275540,2011/2/10,¬ü½§ªd¼ß­±½¤ Active Mud for Face & Body,1
id_207226,2011/2/5,¬ü½§ªd¼ß­±½¤ Active Mud for Face & Body,1
id_262816,2011/1/18,¬ü½§ªd¼ß­±½¤ Active Mud for Face & Body,1
id_273577,2011/1/17,¬ü½§ªd¼ß­±½¤ Active Mud for Face & Body,1
id_273577,2011/1/12,ªd«½«½¬¡©ÊºÒ­±½¤,0
id_260315,2012/3/23,ÄªîP¼ÅÁy¾®ÅS,0
id_260315,2010/12/28,¬ü½§ªd¼ß­±½¤ Active Mud for Face & Body,1
id_269510,2010/11/12,¬ü½§ªd¼ß­±½¤ Active Mud for Face & Body,1
id_247260,2010/10/29,¬ü½§ªd¼ß­±½¤ Active Mud for Face & Body,1
id_255959,2010/10/20,¬ü½§ªd¼ß­±½¤ Active Mud for Face & Body,1
id_244552,2010/9/22,¬ü½§ªd¼ß­±½¤ Active Mud for Face & Body,1
id_263868,2010/8/30,¬ü½§ªd¼ß­±½¤ Active Mud for Face & Body,1
id_57616,2010/8/28,¬ü½§ªd¼ß­±½¤ Active Mud for Face & Body,1
id_86571,2010/8/14,¬ü½§ªd¼ß­±½¤ Active Mud for Face & Body,1
id_259737,2010/8/3,¬ü½§ªd¼ß­±½¤ Active Mud for Face & Body,1
id_246114,2010/7/28,¬ü½§ªd¼ß­±½¤ Active Mud for Face & Body,1
id_235747,2010/7/20,¬ü½§ªd¼ß­±½¤ Active Mud for Face & Body,1
id_235747,2010/5/5,¬õ¥ÛºhCoQ10­±½¤,0
id_225482,2010/6/10,¬ü½§ªd¼ß­±½¤ Active Mud for Face & Body,1
id_196994,2010/9/9,ÄªîP¼ÅÁy¾®ÅS,0
id_196994,2010/5/29,¬ü½§ªd¼ß­±½¤ Active Mud for Face & Body,1
id_126658,2013/7/15,ÄªîP¼ÅÁy¾®ÅS,0
id_126658,2010/10/14,¬õ¥ÛºhCoQ10­±½¤,0
id_126658,2010/4/13,¬ü½§ªd¼ß­±½¤ Active Mud for Face & Body,1
id_206933,2010/4/10,¬ü½§ªd¼ß­±½¤ Active Mud for Face & Body,1
id_190669,2015/1/17,ªd«½«½¬¡©ÊºÒ­±½¤,0
id_190669,2010/4/5,¬ü½§ªd¼ß­±½¤ Active Mud for Face & Body,1
id_190669,2010/3/23,¼ä½§¦Bªeªd,0
id_59820,2010/1/15,¬ü½§ªd¼ß­±½¤ Active Mud for Face & Body,1
id_238559,2009/12/10,¬ü½§ªd¼ß­±½¤ Active Mud for Face & Body,1
id_238559,2009/11/12,ÄªîP¼ÅÁy¾®ÅS,0
id_237613,2009/10/27,¬ü½§ªd¼ß­±½¤ Active Mud for Face & Body,1
id_43193,2009/9/14,¬ü½§ªd¼ß­±½¤ Active Mud for Face & Body,1
id_336310,2012/7/29,¬ü½§ªd¼ß­±½¤ Active Mud for Face & Body,1
id_302097,2012/1/19,¬ü½§ªd¼ß­±½¤ Active Mud for Face & Body,1
id_12586,2011/11/18,¬ü½§ªd¼ß­±½¤ Active Mud for Face & Body,1
id_12586,2011/11/17,ªd«½«½¬¡©ÊºÒ­±½¤,0
id_57501,2011/8/5,¬ü½§ªd¼ß­±½¤ Active Mud for Face & Body,1
id_286127,2011/7/22,¬ü½§ªd¼ß­±½¤ Active Mud for Face & Body,1
id_285898,2011/7/8,¬ü½§ªd¼ß­±½¤ Active Mud for Face & Body,1
id_268914,2010/10/29,¬ü½§ªd¼ß­±½¤ Active Mud for Face & Body,1
id_100393,2010/9/24,¬ü½§ªd¼ß­±½¤ Active Mud for Face & Body,1
id_54121,2013/8/25,ªd«½«½¬¡©ÊºÒ­±½¤,0
id_54121,2010/9/3,¬ü½§ªd¼ß­±½¤ Active Mud for Face & Body,1
id_69057,2010/7/17,¬ü½§ªd¼ß­±½¤ Active Mud for Face & Body,1
id_257223,2010/6/26,¬ü½§ªd¼ß­±½¤ Active Mud for Face & Body,1
id_90717,2010/5/12,¬ü½§ªd¼ß­±½¤ Active Mud for Face & Body,1
id_226028,2010/5/3,¬ü½§ªd¼ß­±½¤ Active Mud for Face & Body,1
id_248330,2010/4/15,¬ü½§ªd¼ß­±½¤ Active Mud for Face & Body,1
id_334137,2012/7/3,¬ü½§ªd¼ß­±½¤ Active Mud for Face & Body,1
id_303934,2011/11/26,¬ü½§ªd¼ß­±½¤ Active Mud for Face & Body,1
id_295916,2011/11/17,¬ü½§ªd¼ß­±½¤ Active Mud for Face & Body,1
id_226633,2012/4/26,ÄªîP¼ÅÁy¾®ÅS,0
id_226633,2011/11/10,¬ü½§ªd¼ß­±½¤ Active Mud for Face & Body,1
id_292048,2011/10/20,¬ü½§ªd¼ß­±½¤ Active Mud for Face & Body,1
id_295703,2011/9/26,¬ü½§ªd¼ß­±½¤ Active Mud for Face & Body,1
id_288834,2011/8/19,¬ü½§ªd¼ß­±½¤ Active Mud for Face & Body,1
id_288865,2011/7/31,¬ü½§ªd¼ß­±½¤ Active Mud for Face & Body,1
id_287837,2011/7/25,¬ü½§ªd¼ß­±½¤ Active Mud for Face & Body,1
id_220443,2011/7/24,¬ü½§ªd¼ß­±½¤ Active Mud for Face & Body,1
id_264640,2011/7/19,¬ü½§ªd¼ß­±½¤ Active Mud for Face & Body,1
id_285533,2011/7/2,¬ü½§ªd¼ß­±½¤ Active Mud for Face & Body,1
id_113627,2011/5/5,¬ü½§ªd¼ß­±½¤ Active Mud for Face & Body,1
id_256427,2011/4/10,¬ü½§ªd¼ß­±½¤ Active Mud for Face & Body,1
id_215491,2011/3/14,¬ü½§ªd¼ß­±½¤ Active Mud for Face & Body,1
id_88077,2011/2/18,¬ü½§ªd¼ß­±½¤ Active Mud for Face & Body,1
id_270447,2010/12/3,¬ü½§ªd¼ß­±½¤ Active Mud for Face & Body,1
id_252235,2010/9/28,¬ü½§ªd¼ß­±½¤ Active Mud for Face & Body,1
id_262415,2010/9/13,¬ü½§ªd¼ß­±½¤ Active Mud for Face & Body,1
id_72841,2010/9/6,¬ü½§ªd¼ß­±½¤ Active Mud for Face & Body,1
id_263639,2010/8/28,¬ü½§ªd¼ß­±½¤ Active Mud for Face & Body,1
id_246974,2010/8/9,¬ü½§ªd¼ß­±½¤ Active Mud for Face & Body,1
id_170318,2010/7/1,¬ü½§ªd¼ß­±½¤ Active Mud for Face & Body,1
id_170318,2010/3/31,¼ä½§¦Bªeªd,0
id_63781,2010/6/27,¬ü½§ªd¼ß­±½¤ Active Mud for Face & Body,1
id_83146,2010/6/16,¬ü½§ªd¼ß­±½¤ Active Mud for Face & Body,1
id_247456,2010/5/24,¬ü½§ªd¼ß­±½¤ Active Mud for Face & Body,1
id_228834,2010/5/10,¬ü½§ªd¼ß­±½¤ Active Mud for Face & Body,1
id_239399,2010/4/18,¬ü½§ªd¼ß­±½¤ Active Mud for Face & Body,1
id_232137,2010/4/11,¬ü½§ªd¼ß­±½¤ Active Mud for Face & Body,1
id_24555,2010/3/23,¬ü½§ªd¼ß­±½¤ Active Mud for Face & Body,1
id_119220,2010/2/28,¬ü½§ªd¼ß­±½¤ Active Mud for Face & Body,1
id_244634,2010/2/18,¬ü½§ªd¼ß­±½¤ Active Mud for Face & Body,1
id_242979,2010/1/21,¬ü½§ªd¼ß­±½¤ Active Mud for Face & Body,1
id_242979,2010/1/21,ÄªîP¼ÅÁy¾®ÅS,0
id_218813,2010/1/5,¬ü½§ªd¼ß­±½¤ Active Mud for Face & Body,1
id_236734,2010/3/12,ÄªîP¼ÅÁy¾®ÅS,0
id_236734,2010/1/25,¼ä½§¦Bªeªd,0
id_236734,2009/11/17,¬ü½§ªd¼ß­±½¤ Active Mud for Face & Body,1
id_37094,2009/8/6,¬ü½§ªd¼ß­±½¤ Active Mud for Face & Body,1
id_107807,2011/9/9,¬ü½§ªd¼ß­±½¤ Active Mud for Face & Body,1
id_280576,2011/8/21,¬ü½§ªd¼ß­±½¤ Active Mud for Face & Body,1
id_290704,2011/8/20,¬ü½§ªd¼ß­±½¤ Active Mud for Face & Body,1
id_281476,2011/5/20,¬ü½§ªd¼ß­±½¤ Active Mud for Face & Body,1
id_230696,2011/1/28,¬ü½§ªd¼ß­±½¤ Active Mud for Face & Body,1
id_273876,2011/1/17,¬ü½§ªd¼ß­±½¤ Active Mud for Face & Body,1
id_273876,2011/1/17,¼ä½§¦Bªeªd,0
id_117148,2010/10/22,¬ü½§ªd¼ß­±½¤ Active Mud for Face & Body,1
id_97817,2010/6/2,¬ü½§ªd¼ß­±½¤ Active Mud for Face & Body,1
id_250866,2010/4/30,¬ü½§ªd¼ß­±½¤ Active Mud for Face & Body,1
id_58901,2010/3/25,¬ü½§ªd¼ß­±½¤ Active Mud for Face & Body,1
id_136245,2010/1/20,¬ü½§ªd¼ß­±½¤ Active Mud for Face & Body,1
id_194787,2009/11/12,¬ü½§ªd¼ß­±½¤ Active Mud for Face & Body,1
id_225085,2009/8/27,¬ü½§ªd¼ß­±½¤ Active Mud for Face & Body,1
id_75494,2009/2/14,ÄªîP¼ÅÁy¾®ÅS,0
id_75494,2007/11/29,¬ü½§ªd¼ß­±½¤ Active Mud for Face & Body,1
id_347650,2012/10/9,¬ü½§ªd¼ß­±½¤ Active Mud for Face & Body,1
id_287717,2011/7/21,¬ü½§ªd¼ß­±½¤ Active Mud for Face & Body,1
id_287011,2011/7/15,¬ü½§ªd¼ß­±½¤ Active Mud for Face & Body,1
id_268381,2010/10/21,¬ü½§ªd¼ß­±½¤ Active Mud for Face & Body,1
id_252632,2010/10/19,¬ü½§ªd¼ß­±½¤ Active Mud for Face & Body,1
id_254237,2010/10/1,¬ü½§ªd¼ß­±½¤ Active Mud for Face & Body,1
id_36089,2010/9/19,¬ü½§ªd¼ß­±½¤ Active Mud for Face & Body,1
id_219107,2011/2/15,¬õ¥ÛºhCoQ10­±½¤,0
id_219107,2010/10/9,ÄªîP¼ÅÁy¾®ÅS,0
id_219107,2010/8/19,¬ü½§ªd¼ß­±½¤ Active Mud for Face & Body,1
id_245920,2010/7/28,¬ü½§ªd¼ß­±½¤ Active Mud for Face & Body,1
id_41191,2010/7/15,¬ü½§ªd¼ß­±½¤ Active Mud for Face & Body,1
id_96379,2010/6/28,¬ü½§ªd¼ß­±½¤ Active Mud for Face & Body,1
id_256908,2010/6/23,¬ü½§ªd¼ß­±½¤ Active Mud for Face & Body,1
id_232919,2010/6/21,¬ü½§ªd¼ß­±½¤ Active Mud for Face & Body,1
id_232919,2010/6/16,ÄªîP¼ÅÁy¾®ÅS,0
id_246298,2010/5/11,¬ü½§ªd¼ß­±½¤ Active Mud for Face & Body,1
id_251968,2010/5/7,¬ü½§ªd¼ß­±½¤ Active Mud for Face & Body,1
id_251478,2010/5/5,¬ü½§ªd¼ß­±½¤ Active Mud for Face & Body,1
id_425154,2016/10/20,ÄªîP¼ÅÁy¾®ÅS,0
id_408907,2015/4/15,ÄªîP¼ÅÁy¾®ÅS,0
id_355742,2016/4/6,ÄªîP¼ÅÁy¾®ÅS,0
id_379189,2013/8/9,ÄªîP¼ÅÁy¾®ÅS,0
id_364408,2013/3/14,ÄªîP¼ÅÁy¾®ÅS,0
id_286030,2014/3/5,ÄªîP¼ÅÁy¾®ÅS,0
id_362063,2013/7/3,ÄªîP¼ÅÁy¾®ÅS,0
id_352509,2013/8/6,ÄªîP¼ÅÁy¾®ÅS,0
id_395128,2014/9/18,ÄªîP¼ÅÁy¾®ÅS,0
id_320544,2013/3/25,ÄªîP¼ÅÁy¾®ÅS,0
id_38847,2012/4/30,ÄªîP¼ÅÁy¾®ÅS,0
id_456837,2017/4/10,ÄªîP¼ÅÁy¾®ÅS,0
id_394109,2014/3/11,ÄªîP¼ÅÁy¾®ÅS,0
id_380126,2013/8/15,ÄªîP¼ÅÁy¾®ÅS,0
id_352428,2013/2/4,ÄªîP¼ÅÁy¾®ÅS,0
id_95723,2013/6/19,ÄªîP¼ÅÁy¾®ÅS,0
id_464748,2017/9/19,ÄªîP¼ÅÁy¾®ÅS,0
id_190968,2016/7/20,ÄªîP¼ÅÁy¾®ÅS,0
id_420003,2015/7/28,ÄªîP¼ÅÁy¾®ÅS,0
id_396259,2014/7/11,ÄªîP¼ÅÁy¾®ÅS,0
id_401528,2014/7/2,ÄªîP¼ÅÁy¾®ÅS,0
id_359112,2013/8/12,ÄªîP¼ÅÁy¾®ÅS,0
id_333378,2012/8/9,ÄªîP¼ÅÁy¾®ÅS,0
id_222113,2017/5/4,ÄªîP¼ÅÁy¾®ÅS,0
id_403470,2015/7/20,ÄªîP¼ÅÁy¾®ÅS,0
id_382855,2015/6/18,ÄªîP¼ÅÁy¾®ÅS,0
id_383825,2014/10/27,ÄªîP¼ÅÁy¾®ÅS,0
id_426350,2016/12/5,ÄªîP¼ÅÁy¾®ÅS,0
id_408491,2016/5/14,ÄªîP¼ÅÁy¾®ÅS,0
id_418168,2015/7/10,ÄªîP¼ÅÁy¾®ÅS,0
id_392250,2015/2/15,ÄªîP¼ÅÁy¾®ÅS,0
id_106033,2015/2/9,ÄªîP¼ÅÁy¾®ÅS,0
id_368718,2016/6/9,ÄªîP¼ÅÁy¾®ÅS,0
id_432497,2016/6/2,ÄªîP¼ÅÁy¾®ÅS,0
id_342798,2015/6/23,ÄªîP¼ÅÁy¾®ÅS,0
id_405998,2014/11/2,ÄªîP¼ÅÁy¾®ÅS,0
id_406818,2014/10/28,ÄªîP¼ÅÁy¾®ÅS,0
id_406200,2014/10/28,ÄªîP¼ÅÁy¾®ÅS,0
id_379072,2014/10/13,ÄªîP¼ÅÁy¾®ÅS,0
id_390660,2014/9/5,ÄªîP¼ÅÁy¾®ÅS,0
id_354317,2014/9/2,ÄªîP¼ÅÁy¾®ÅS,0
id_393123,2014/8/26,ÄªîP¼ÅÁy¾®ÅS,0
id_402318,2014/7/20,ÄªîP¼ÅÁy¾®ÅS,0
id_390408,2014/6/24,ÄªîP¼ÅÁy¾®ÅS,0
id_400109,2014/6/4,ÄªîP¼ÅÁy¾®ÅS,0
id_388833,2014/1/3,ÄªîP¼ÅÁy¾®ÅS,0
id_333077,2013/11/10,ÄªîP¼ÅÁy¾®ÅS,0
id_372041,2013/10/27,ÄªîP¼ÅÁy¾®ÅS,0
id_168518,2013/9/27,ÄªîP¼ÅÁy¾®ÅS,0
id_381173,2013/9/3,ÄªîP¼ÅÁy¾®ÅS,0
id_293544,2013/8/23,ÄªîP¼ÅÁy¾®ÅS,0
id_380225,2013/7/31,ÄªîP¼ÅÁy¾®ÅS,0
id_372442,2013/6/1,ÄªîP¼ÅÁy¾®ÅS,0
id_164898,2013/4/20,ÄªîP¼ÅÁy¾®ÅS,0
id_294000,2013/4/2,ÄªîP¼ÅÁy¾®ÅS,0
id_351708,2013/1/7,ÄªîP¼ÅÁy¾®ÅS,0
id_1566,2012/12/8,ÄªîP¼ÅÁy¾®ÅS,0
id_298936,2012/5/21,ÄªîP¼ÅÁy¾®ÅS,0
id_298085,2012/5/13,ÄªîP¼ÅÁy¾®ÅS,0
id_418388,2015/7/3,ÄªîP¼ÅÁy¾®ÅS,0
id_21256,2013/11/11,ÄªîP¼ÅÁy¾®ÅS,0
id_388455,2013/11/6,ÄªîP¼ÅÁy¾®ÅS,0
id_367150,2013/3/28,ÄªîP¼ÅÁy¾®ÅS,0
id_366656,2013/3/27,ÄªîP¼ÅÁy¾®ÅS,0
id_349676,2013/3/3,ÄªîP¼ÅÁy¾®ÅS,0
id_349676,2012/10/25,ªd«½«½¬¡©ÊºÒ­±½¤,0
id_356106,2013/1/18,ÄªîP¼ÅÁy¾®ÅS,0
id_350116,2012/11/29,ÄªîP¼ÅÁy¾®ÅS,0
id_351035,2012/11/4,ÄªîP¼ÅÁy¾®ÅS,0
id_336193,2012/8/16,ÄªîP¼ÅÁy¾®ÅS,0
id_285133,2012/1/22,ÄªîP¼ÅÁy¾®ÅS,0
id_402696,2014/10/20,ÄªîP¼ÅÁy¾®ÅS,0
id_400828,2014/8/27,ÄªîP¼ÅÁy¾®ÅS,0
id_351422,2014/4/15,ÄªîP¼ÅÁy¾®ÅS,0
id_391861,2014/1/23,ÄªîP¼ÅÁy¾®ÅS,0
id_317187,2013/11/1,ÄªîP¼ÅÁy¾®ÅS,0
id_384516,2013/10/29,ÄªîP¼ÅÁy¾®ÅS,0
id_387839,2013/10/25,ÄªîP¼ÅÁy¾®ÅS,0
id_382487,2013/10/5,ÄªîP¼ÅÁy¾®ÅS,0
id_384501,2013/9/16,ÄªîP¼ÅÁy¾®ÅS,0
id_378240,2013/8/20,ÄªîP¼ÅÁy¾®ÅS,0
id_380550,2013/8/17,ÄªîP¼ÅÁy¾®ÅS,0
id_327440,2013/8/8,ÄªîP¼ÅÁy¾®ÅS,0
id_343013,2013/7/24,ÄªîP¼ÅÁy¾®ÅS,0
id_354872,2013/8/19,ªd«½«½¬¡©ÊºÒ­±½¤,0
id_354872,2013/2/23,ÄªîP¼ÅÁy¾®ÅS,0
id_338088,2013/2/22,ÄªîP¼ÅÁy¾®ÅS,0
id_297871,2013/1/17,ÄªîP¼ÅÁy¾®ÅS,0
id_111349,2013/1/13,ÄªîP¼ÅÁy¾®ÅS,0
id_93635,2012/12/28,ÄªîP¼ÅÁy¾®ÅS,0
id_335416,2012/7/17,ÄªîP¼ÅÁy¾®ÅS,0
id_312791,2012/2/21,ÄªîP¼ÅÁy¾®ÅS,0
id_119817,2011/9/4,ÄªîP¼ÅÁy¾®ÅS,0
id_85214,2011/6/6,ÄªîP¼ÅÁy¾®ÅS,0
id_239067,2010/8/26,ÄªîP¼ÅÁy¾®ÅS,0
id_380457,2014/2/21,ÄªîP¼ÅÁy¾®ÅS,0
id_317057,2013/12/31,ÄªîP¼ÅÁy¾®ÅS,0
id_344286,2013/12/19,ÄªîP¼ÅÁy¾®ÅS,0
id_336227,2013/12/9,ÄªîP¼ÅÁy¾®ÅS,0
id_387116,2013/10/16,ÄªîP¼ÅÁy¾®ÅS,0
id_342215,2013/8/15,ÄªîP¼ÅÁy¾®ÅS,0
id_380680,2013/8/15,ÄªîP¼ÅÁy¾®ÅS,0
id_380834,2013/8/6,ÄªîP¼ÅÁy¾®ÅS,0
id_253816,2013/8/2,ÄªîP¼ÅÁy¾®ÅS,0
id_326040,2013/3/7,ÄªîP¼ÅÁy¾®ÅS,0
id_347743,2012/12/9,ÄªîP¼ÅÁy¾®ÅS,0
id_347143,2012/10/25,ÄªîP¼ÅÁy¾®ÅS,0
id_343239,2012/9/11,ÄªîP¼ÅÁy¾®ÅS,0
id_335898,2012/7/27,ÄªîP¼ÅÁy¾®ÅS,0
id_329183,2012/6/29,ÄªîP¼ÅÁy¾®ÅS,0
id_113187,2012/6/20,ÄªîP¼ÅÁy¾®ÅS,0
id_216832,2012/5/4,ÄªîP¼ÅÁy¾®ÅS,0
id_316203,2012/3/28,ÄªîP¼ÅÁy¾®ÅS,0
id_279260,2012/3/15,ÄªîP¼ÅÁy¾®ÅS,0
id_315537,2012/3/8,ÄªîP¼ÅÁy¾®ÅS,0
id_301165,2012/1/31,ÄªîP¼ÅÁy¾®ÅS,0
id_292306,2011/10/8,ÄªîP¼ÅÁy¾®ÅS,0
id_49364,2011/7/14,ÄªîP¼ÅÁy¾®ÅS,0
id_277529,2011/3/22,ÄªîP¼ÅÁy¾®ÅS,0
id_381023,2013/8/8,ÄªîP¼ÅÁy¾®ÅS,0
id_380436,2013/8/6,ÄªîP¼ÅÁy¾®ÅS,0
id_377412,2013/7/13,ÄªîP¼ÅÁy¾®ÅS,0
id_332740,2013/6/16,ÄªîP¼ÅÁy¾®ÅS,0
id_367366,2013/3/29,ÄªîP¼ÅÁy¾®ÅS,0
id_352469,2013/3/23,ÄªîP¼ÅÁy¾®ÅS,0
id_229169,2013/1/14,ÄªîP¼ÅÁy¾®ÅS,0
id_244082,2012/12/29,ÄªîP¼ÅÁy¾®ÅS,0
id_4692,2017/10/4,ªd«½«½¬¡©ÊºÒ­±½¤,0
id_4692,2012/7/28,¬õ¥ÛºhCoQ10­±½¤,0
id_4692,2012/5/26,ÄªîP¼ÅÁy¾®ÅS,0
id_65666,2011/11/3,ÄªîP¼ÅÁy¾®ÅS,0
id_263255,2011/4/4,ÄªîP¼ÅÁy¾®ÅS,0
id_198650,2011/1/20,ÄªîP¼ÅÁy¾®ÅS,0
id_191499,2010/7/15,ÄªîP¼ÅÁy¾®ÅS,0
id_387636,2013/10/25,ÄªîP¼ÅÁy¾®ÅS,0
id_361271,2013/8/15,ÄªîP¼ÅÁy¾®ÅS,0
id_373318,2013/5/29,ÄªîP¼ÅÁy¾®ÅS,0
id_345990,2012/10/1,ÄªîP¼ÅÁy¾®ÅS,0
id_50425,2012/9/2,ÄªîP¼ÅÁy¾®ÅS,0
id_337644,2017/10/5,ªd«½«½¬¡©ÊºÒ­±½¤,0
id_337644,2012/8/25,ÄªîP¼ÅÁy¾®ÅS,0
id_288510,2012/7/28,ÄªîP¼ÅÁy¾®ÅS,0
id_242098,2013/7/9,ªd«½«½¬¡©ÊºÒ­±½¤,0
id_242098,2012/7/1,ÄªîP¼ÅÁy¾®ÅS,0
id_313264,2012/6/17,ÄªîP¼ÅÁy¾®ÅS,0
id_289534,2012/4/23,ÄªîP¼ÅÁy¾®ÅS,0
id_289534,2012/3/17,¼ä½§¦Bªeªd,0
id_340428,2012/11/1,ÄªîP¼ÅÁy¾®ÅS,0
id_345378,2012/9/28,ÄªîP¼ÅÁy¾®ÅS,0
id_212222,2011/6/21,ÄªîP¼ÅÁy¾®ÅS,0
id_118256,2011/5/8,ÄªîP¼ÅÁy¾®ÅS,0
id_238765,2011/1/11,ÄªîP¼ÅÁy¾®ÅS,0
id_258254,2010/9/21,ÄªîP¼ÅÁy¾®ÅS,0
id_260560,2010/9/11,ÄªîP¼ÅÁy¾®ÅS,0
id_5461,2010/8/30,ÄªîP¼ÅÁy¾®ÅS,0
id_25793,2012/11/30,ÄªîP¼ÅÁy¾®ÅS,0
id_347074,2012/11/8,ÄªîP¼ÅÁy¾®ÅS,0
id_340130,2012/9/21,ÄªîP¼ÅÁy¾®ÅS,0
id_335711,2012/7/28,ÄªîP¼ÅÁy¾®ÅS,0
id_330200,2012/6/7,ÄªîP¼ÅÁy¾®ÅS,0
id_36587,2011/11/3,ÄªîP¼ÅÁy¾®ÅS,0
id_276952,2011/11/2,ÄªîP¼ÅÁy¾®ÅS,0
id_99770,2011/8/14,ÄªîP¼ÅÁy¾®ÅS,0
id_281690,2011/7/24,ÄªîP¼ÅÁy¾®ÅS,0
id_36846,2010/11/4,ÄªîP¼ÅÁy¾®ÅS,0
id_36846,2007/12/19,¬ü½§ªd¼ß­±½¤ Active Mud for Face & Body,1
id_77686,2010/8/9,ÄªîP¼ÅÁy¾®ÅS,0
id_47626,2010/5/11,ÄªîP¼ÅÁy¾®ÅS,0
id_49663,2007/12/22,ÄªîP¼ÅÁy¾®ÅS,0
id_355429,2012/12/24,ÄªîP¼ÅÁy¾®ÅS,0
id_353900,2012/12/14,ÄªîP¼ÅÁy¾®ÅS,0
id_351650,2012/11/15,ÄªîP¼ÅÁy¾®ÅS,0
id_121697,2012/8/6,ÄªîP¼ÅÁy¾®ÅS,0
id_314342,2012/6/12,ÄªîP¼ÅÁy¾®ÅS,0
id_298127,2012/1/31,ÄªîP¼ÅÁy¾®ÅS,0
id_294074,2011/12/8,ÄªîP¼ÅÁy¾®ÅS,0
id_274260,2011/11/6,ÄªîP¼ÅÁy¾®ÅS,0
id_161145,2011/11/5,ÄªîP¼ÅÁy¾®ÅS,0
id_132201,2011/9/30,ÄªîP¼ÅÁy¾®ÅS,0
id_290215,2011/8/20,ÄªîP¼ÅÁy¾®ÅS,0
id_285770,2011/8/6,ÄªîP¼ÅÁy¾®ÅS,0
id_285236,2011/7/27,ÄªîP¼ÅÁy¾®ÅS,0
id_96542,2011/7/26,ÄªîP¼ÅÁy¾®ÅS,0
id_280041,2011/7/26,ÄªîP¼ÅÁy¾®ÅS,0
id_248353,2011/7/24,ÄªîP¼ÅÁy¾®ÅS,0
id_4153,2011/7/23,ÄªîP¼ÅÁy¾®ÅS,0
id_262342,2011/7/7,ÄªîP¼ÅÁy¾®ÅS,0
id_283051,2011/7/2,ÄªîP¼ÅÁy¾®ÅS,0
id_284534,2012/7/20,¬õ¥ÛºhCoQ10­±½¤,0
id_284534,2011/6/21,ÄªîP¼ÅÁy¾®ÅS,0
id_274066,2011/6/15,ÄªîP¼ÅÁy¾®ÅS,0
id_212159,2011/6/3,ÄªîP¼ÅÁy¾®ÅS,0
id_279639,2011/4/13,ÄªîP¼ÅÁy¾®ÅS,0
id_17397,2011/4/22,¬õ¥ÛºhCoQ10­±½¤,0
id_17397,2011/2/15,ÄªîP¼ÅÁy¾®ÅS,0
id_131904,2011/2/2,ÄªîP¼ÅÁy¾®ÅS,0
id_221447,2010/9/16,ÄªîP¼ÅÁy¾®ÅS,0
id_258178,2010/8/28,ÄªîP¼ÅÁy¾®ÅS,0
id_43413,2010/8/16,ÄªîP¼ÅÁy¾®ÅS,0
id_184694,2010/7/12,ÄªîP¼ÅÁy¾®ÅS,0
id_258413,2010/7/4,ÄªîP¼ÅÁy¾®ÅS,0
id_248313,2010/6/25,ÄªîP¼ÅÁy¾®ÅS,0
id_248828,2010/6/1,ÄªîP¼ÅÁy¾®ÅS,0
id_252504,2010/6/1,ÄªîP¼ÅÁy¾®ÅS,0
id_208539,2010/5/7,ÄªîP¼ÅÁy¾®ÅS,0
id_5494,2010/7/1,ÄªîP¼ÅÁy¾®ÅS,0
id_254472,2010/5/31,ÄªîP¼ÅÁy¾®ÅS,0
id_248631,2010/4/6,ÄªîP¼ÅÁy¾®ÅS,0
id_169154,2009/12/22,ÄªîP¼ÅÁy¾®ÅS,0
id_311174,2012/3/29,ÄªîP¼ÅÁy¾®ÅS,0
id_311174,2012/2/8,ªd«½«½¬¡©ÊºÒ­±½¤,0
id_298743,2011/11/17,ÄªîP¼ÅÁy¾®ÅS,0
id_196774,2011/10/31,ÄªîP¼ÅÁy¾®ÅS,0
id_298452,2011/10/16,ÄªîP¼ÅÁy¾®ÅS,0
id_56058,2011/10/14,ÄªîP¼ÅÁy¾®ÅS,0
id_297760,2011/10/9,ÄªîP¼ÅÁy¾®ÅS,0
id_294878,2011/10/1,ÄªîP¼ÅÁy¾®ÅS,0
id_251371,2012/11/27,ªd«½«½¬¡©ÊºÒ­±½¤,0
id_251371,2011/9/16,ÄªîP¼ÅÁy¾®ÅS,0
id_183809,2011/9/8,ÄªîP¼ÅÁy¾®ÅS,0
id_291157,2011/8/26,ÄªîP¼ÅÁy¾®ÅS,0
id_290689,2011/8/25,ÄªîP¼ÅÁy¾®ÅS,0
id_44822,2011/8/16,ÄªîP¼ÅÁy¾®ÅS,0
id_289517,2011/8/10,ÄªîP¼ÅÁy¾®ÅS,0
id_288257,2011/8/5,ÄªîP¼ÅÁy¾®ÅS,0
id_288451,2011/7/29,ÄªîP¼ÅÁy¾®ÅS,0
id_276894,2011/7/25,ÄªîP¼ÅÁy¾®ÅS,0
id_279750,2011/7/21,ÄªîP¼ÅÁy¾®ÅS,0
id_284579,2011/6/22,ÄªîP¼ÅÁy¾®ÅS,0
id_98792,2011/4/4,ÄªîP¼ÅÁy¾®ÅS,0
id_277177,2011/3/15,ÄªîP¼ÅÁy¾®ÅS,0
id_246532,2011/3/6,ÄªîP¼ÅÁy¾®ÅS,0
id_270703,2011/2/9,ÄªîP¼ÅÁy¾®ÅS,0
id_111502,2011/1/10,ÄªîP¼ÅÁy¾®ÅS,0
id_257768,2010/11/19,ÄªîP¼ÅÁy¾®ÅS,0
id_204654,2010/9/19,ÄªîP¼ÅÁy¾®ÅS,0
id_204654,2010/5/27,¬õ¥ÛºhCoQ10­±½¤,0
id_264839,2010/9/10,ÄªîP¼ÅÁy¾®ÅS,0
id_255627,2010/9/6,ÄªîP¼ÅÁy¾®ÅS,0
id_264185,2010/9/5,ÄªîP¼ÅÁy¾®ÅS,0
id_244787,2010/7/22,ÄªîP¼ÅÁy¾®ÅS,0
id_244787,2010/3/20,¬ü½§ªd¼ß­±½¤ Active Mud for Face & Body,1
id_135474,2010/7/21,ÄªîP¼ÅÁy¾®ÅS,0
id_244008,2010/7/19,ÄªîP¼ÅÁy¾®ÅS,0
id_245429,2010/7/11,ÄªîP¼ÅÁy¾®ÅS,0
id_95482,2012/7/4,¬õ¥ÛºhCoQ10­±½¤,0
id_95482,2011/8/12,¬õ¥ÛºhCoQ10­±½¤,0
id_95482,2010/6/18,ÄªîP¼ÅÁy¾®ÅS,0
id_255719,2010/6/13,ÄªîP¼ÅÁy¾®ÅS,0
id_253780,2010/5/23,ÄªîP¼ÅÁy¾®ÅS,0
id_252390,2010/5/12,ÄªîP¼ÅÁy¾®ÅS,0
id_249008,2010/5/7,ÄªîP¼ÅÁy¾®ÅS,0
id_215422,2010/5/3,ÄªîP¼ÅÁy¾®ÅS,0
id_248327,2010/4/29,ÄªîP¼ÅÁy¾®ÅS,0
id_167568,2010/3/11,ÄªîP¼ÅÁy¾®ÅS,0
id_243972,2010/2/21,ÄªîP¼ÅÁy¾®ÅS,0
id_136603,2010/2/20,ÄªîP¼ÅÁy¾®ÅS,0
id_236472,2009/12/2,ÄªîP¼ÅÁy¾®ÅS,0
id_74423,2014/11/1,ªd«½«½¬¡©ÊºÒ­±½¤,0
id_68719,2014/12/5,ÄªîP¼ÅÁy¾®ÅS,0
id_68719,2007/8/13,¬ü½§ªd¼ß­±½¤ Active Mud for Face & Body,1
id_392369,2014/2/3,ÄªîP¼ÅÁy¾®ÅS,0
id_391050,2014/1/11,ÄªîP¼ÅÁy¾®ÅS,0
id_261606,2011/11/26,ÄªîP¼ÅÁy¾®ÅS,0
id_225966,2011/9/16,ÄªîP¼ÅÁy¾®ÅS,0
id_275754,2011/6/27,ÄªîP¼ÅÁy¾®ÅS,0
id_280847,2011/5/7,ÄªîP¼ÅÁy¾®ÅS,0
id_321343,2016/7/8,ªd«½«½¬¡©ÊºÒ­±½¤,0
id_5688,2015/8/20,ªd«½«½¬¡©ÊºÒ­±½¤,0
id_351102,2014/6/30,ªd«½«½¬¡©ÊºÒ­±½¤,0
id_7004,2013/8/22,ªd«½«½¬¡©ÊºÒ­±½¤,0
id_360393,2013/8/2,ªd«½«½¬¡©ÊºÒ­±½¤,0
id_360393,2013/3/5,¼ä½§¦Bªeªd,0
id_92862,2017/12/20,ªd«½«½¬¡©ÊºÒ­±½¤,0
id_13081,2017/10/3,ªd«½«½¬¡©ÊºÒ­±½¤,0
id_455635,2017/4/4,ªd«½«½¬¡©ÊºÒ­±½¤,0
id_451478,2017/3/11,ªd«½«½¬¡©ÊºÒ­±½¤,0
id_442452,2017/1/18,ªd«½«½¬¡©ÊºÒ­±½¤,0
id_442081,2016/8/31,ªd«½«½¬¡©ÊºÒ­±½¤,0
id_411071,2016/8/24,ªd«½«½¬¡©ÊºÒ­±½¤,0
id_433664,2016/4/20,ªd«½«½¬¡©ÊºÒ­±½¤,0
id_417645,2015/12/14,ªd«½«½¬¡©ÊºÒ­±½¤,0
id_333948,2014/9/23,ªd«½«½¬¡©ÊºÒ­±½¤,0
id_39545,2017/12/29,ªd«½«½¬¡©ÊºÒ­±½¤,0
id_39545,2006/4/22,ÄªîP¼ÅÁy¾®ÅS,0
id_13970,2017/12/9,ªd«½«½¬¡©ÊºÒ­±½¤,0
id_61214,2017/4/28,ªd«½«½¬¡©ÊºÒ­±½¤,0
id_450957,2017/1/10,ªd«½«½¬¡©ÊºÒ­±½¤,0
id_324765,2016/1/10,ªd«½«½¬¡©ÊºÒ­±½¤,0
id_426890,2015/11/27,ªd«½«½¬¡©ÊºÒ­±½¤,0
id_343179,2015/11/20,ªd«½«½¬¡©ÊºÒ­±½¤,0
id_416469,2015/11/4,ªd«½«½¬¡©ÊºÒ­±½¤,0
id_356704,2015/10/20,ªd«½«½¬¡©ÊºÒ­±½¤,0
id_420254,2015/10/10,ªd«½«½¬¡©ÊºÒ­±½¤,0
id_383426,2015/4/11,ªd«½«½¬¡©ÊºÒ­±½¤,0
id_413302,2015/3/21,ªd«½«½¬¡©ÊºÒ­±½¤,0
id_410247,2015/2/3,ªd«½«½¬¡©ÊºÒ­±½¤,0
id_35084,2013/8/25,ªd«½«½¬¡©ÊºÒ­±½¤,0
id_377950,2013/8/12,ªd«½«½¬¡©ÊºÒ­±½¤,0
id_336223,2013/2/8,ªd«½«½¬¡©ÊºÒ­±½¤,0
id_275867,2012/8/17,ªd«½«½¬¡©ÊºÒ­±½¤,0
id_393111,2017/12/11,ªd«½«½¬¡©ÊºÒ­±½¤,0
id_6589,2017/10/15,ªd«½«½¬¡©ÊºÒ­±½¤,0
id_356037,2017/10/11,ªd«½«½¬¡©ÊºÒ­±½¤,0
id_123820,2017/10/8,ªd«½«½¬¡©ÊºÒ­±½¤,0
id_123820,2008/2/12,¼ä½§¦Bªeªd,0
id_402672,2017/10/5,ªd«½«½¬¡©ÊºÒ­±½¤,0
id_448179,2017/10/2,ªd«½«½¬¡©ÊºÒ­±½¤,0
id_438763,2017/8/24,ªd«½«½¬¡©ÊºÒ­±½¤,0
id_428906,2017/8/1,ªd«½«½¬¡©ÊºÒ­±½¤,0
id_397120,2016/1/13,ªd«½«½¬¡©ÊºÒ­±½¤,0
id_235359,2015/11/22,ªd«½«½¬¡©ÊºÒ­±½¤,0
id_228346,2014/8/9,ªd«½«½¬¡©ÊºÒ­±½¤,0
id_232722,2013/8/21,ªd«½«½¬¡©ÊºÒ­±½¤,0
id_232102,2013/8/11,ªd«½«½¬¡©ÊºÒ­±½¤,0
id_284392,2013/3/13,ªd«½«½¬¡©ÊºÒ­±½¤,0
id_380876,2017/11/27,ªd«½«½¬¡©ÊºÒ­±½¤,0
id_275135,2017/10/2,ªd«½«½¬¡©ÊºÒ­±½¤,0
id_383923,2017/9/17,ªd«½«½¬¡©ÊºÒ­±½¤,0
id_94097,2017/5/29,ªd«½«½¬¡©ÊºÒ­±½¤,0
id_415998,2017/5/18,ªd«½«½¬¡©ÊºÒ­±½¤,0
id_380133,2016/9/7,ªd«½«½¬¡©ÊºÒ­±½¤,0
id_352880,2015/8/24,ªd«½«½¬¡©ÊºÒ­±½¤,0
id_37626,2015/3/14,ªd«½«½¬¡©ÊºÒ­±½¤,0
id_247413,2014/11/29,ªd«½«½¬¡©ÊºÒ­±½¤,0
id_384316,2014/6/24,ªd«½«½¬¡©ÊºÒ­±½¤,0
id_395839,2014/4/2,ªd«½«½¬¡©ÊºÒ­±½¤,0
id_340716,2013/8/22,ªd«½«½¬¡©ÊºÒ­±½¤,0
id_250287,2013/8/18,ªd«½«½¬¡©ÊºÒ­±½¤,0
id_451932,2017/6/26,ªd«½«½¬¡©ÊºÒ­±½¤,0
id_434687,2016/11/28,ªd«½«½¬¡©ÊºÒ­±½¤,0
id_438292,2016/10/25,ªd«½«½¬¡©ÊºÒ­±½¤,0
id_163851,2013/9/30,ªd«½«½¬¡©ÊºÒ­±½¤,0
id_290630,2013/8/22,ªd«½«½¬¡©ÊºÒ­±½¤,0
id_285969,2013/8/21,ªd«½«½¬¡©ÊºÒ­±½¤,0
id_5976,2013/8/21,ªd«½«½¬¡©ÊºÒ­±½¤,0
id_5976,2005/4/1,¬ü½§ªd¼ß­±½¤ Active Mud for Face & Body,1
id_264001,2013/8/17,ªd«½«½¬¡©ÊºÒ­±½¤,0
id_423091,2015/10/28,ªd«½«½¬¡©ÊºÒ­±½¤,0
id_408955,2015/7/14,ªd«½«½¬¡©ÊºÒ­±½¤,0
id_405253,2015/4/20,ªd«½«½¬¡©ÊºÒ­±½¤,0
id_369963,2015/4/9,ªd«½«½¬¡©ÊºÒ­±½¤,0
id_406015,2014/10/10,ªd«½«½¬¡©ÊºÒ­±½¤,0
id_256854,2014/7/10,ªd«½«½¬¡©ÊºÒ­±½¤,0
id_161767,2014/2/27,ªd«½«½¬¡©ÊºÒ­±½¤,0
id_161767,2008/7/31,¬ü½§ªd¼ß­±½¤ Active Mud for Face & Body,1
id_72773,2013/12/7,ªd«½«½¬¡©ÊºÒ­±½¤,0
id_383234,2013/9/14,ªd«½«½¬¡©ÊºÒ­±½¤,0
id_754,2013/5/14,ªd«½«½¬¡©ÊºÒ­±½¤,0
id_440980,2016/8/4,ªd«½«½¬¡©ÊºÒ­±½¤,0
id_430963,2016/4/18,ªd«½«½¬¡©ÊºÒ­±½¤,0
id_13035,2013/8/22,ªd«½«½¬¡©ÊºÒ­±½¤,0
id_369357,2013/8/18,ªd«½«½¬¡©ÊºÒ­±½¤,0
id_39887,2013/8/14,ªd«½«½¬¡©ÊºÒ­±½¤,0
id_352353,2012/11/22,ªd«½«½¬¡©ÊºÒ­±½¤,0
id_308123,2012/6/29,ªd«½«½¬¡©ÊºÒ­±½¤,0
id_308499,2012/5/24,ªd«½«½¬¡©ÊºÒ­±½¤,0
id_307543,2012/1/16,ªd«½«½¬¡©ÊºÒ­±½¤,0
id_37430,2011/12/5,ªd«½«½¬¡©ÊºÒ­±½¤,0
id_42807,2010/7/20,ªd«½«½¬¡©ÊºÒ­±½¤,0
id_42807,2006/8/4,¬ü½§ªd¼ß­±½¤ Active Mud for Face & Body,1
id_91060,2014/10/23,ªd«½«½¬¡©ÊºÒ­±½¤,0
id_377659,2013/11/20,ªd«½«½¬¡©ÊºÒ­±½¤,0
id_289912,2013/1/3,ªd«½«½¬¡©ÊºÒ­±½¤,0
id_349123,2012/11/28,ªd«½«½¬¡©ÊºÒ­±½¤,0
id_275910,2012/10/14,ªd«½«½¬¡©ÊºÒ­±½¤,0
id_268474,2011/1/21,ªd«½«½¬¡©ÊºÒ­±½¤,0
id_65987,2013/8/22,ªd«½«½¬¡©ÊºÒ­±½¤,0
id_375289,2013/8/22,ªd«½«½¬¡©ÊºÒ­±½¤,0
id_295315,2013/8/22,ªd«½«½¬¡©ÊºÒ­±½¤,0
id_222097,2013/8/20,ªd«½«½¬¡©ÊºÒ­±½¤,0
id_270421,2013/8/19,ªd«½«½¬¡©ÊºÒ­±½¤,0
id_278789,2013/8/18,ªd«½«½¬¡©ÊºÒ­±½¤,0
id_274902,2013/8/16,ªd«½«½¬¡©ÊºÒ­±½¤,0
id_5427,2013/8/14,ªd«½«½¬¡©ÊºÒ­±½¤,0
id_5427,2006/6/17,ÄªîP¼ÅÁy¾®ÅS,0
id_375004,2013/8/6,ªd«½«½¬¡©ÊºÒ­±½¤,0
id_66705,2013/2/8,ªd«½«½¬¡©ÊºÒ­±½¤,0
id_66705,2008/5/8,ÄªîP¼ÅÁy¾®ÅS,0
id_66705,2007/4/13,¼ä½§¦Bªeªd,0
id_66705,2007/4/13,¬ü½§ªd¼ß­±½¤ Active Mud for Face & Body,1
id_342173,2012/9/5,ªd«½«½¬¡©ÊºÒ­±½¤,0
id_273075,2012/8/8,ªd«½«½¬¡©ÊºÒ­±½¤,0
id_297781,2012/2/10,ªd«½«½¬¡©ÊºÒ­±½¤,0
id_82111,2012/1/6,ªd«½«½¬¡©ÊºÒ­±½¤,0
id_295252,2011/11/17,ªd«½«½¬¡©ÊºÒ­±½¤,0
id_282918,2011/5/31,ªd«½«½¬¡©ÊºÒ­±½¤,0
id_9953,2011/4/24,ªd«½«½¬¡©ÊºÒ­±½¤,0
id_84447,2011/4/2,ªd«½«½¬¡©ÊºÒ­±½¤,0
id_84447,2009/3/29,ÄªîP¼ÅÁy¾®ÅS,0
id_215405,2011/3/10,ªd«½«½¬¡©ÊºÒ­±½¤,0
id_98981,2010/10/6,ªd«½«½¬¡©ÊºÒ­±½¤,0
id_98981,2008/11/8,ÄªîP¼ÅÁy¾®ÅS,0
id_382658,2013/8/30,ªd«½«½¬¡©ÊºÒ­±½¤,0
id_87114,2012/6/27,ªd«½«½¬¡©ÊºÒ­±½¤,0
id_289459,2012/3/5,ªd«½«½¬¡©ÊºÒ­±½¤,0
id_299359,2015/1/30,¼ä½§¦Bªeªd,0
id_299359,2012/2/29,ªd«½«½¬¡©ÊºÒ­±½¤,0
id_289841,2011/8/15,ªd«½«½¬¡©ÊºÒ­±½¤,0
id_285664,2011/7/25,ªd«½«½¬¡©ÊºÒ­±½¤,0
id_264338,2010/12/3,ªd«½«½¬¡©ÊºÒ­±½¤,0
id_270327,2010/11/18,ªd«½«½¬¡©ÊºÒ­±½¤,0
id_241074,2010/10/28,ªd«½«½¬¡©ÊºÒ­±½¤,0
id_14177,2010/8/31,ªd«½«½¬¡©ÊºÒ­±½¤,0
id_14177,2006/2/9,¬ü½§ªd¼ß­±½¤ Active Mud for Face & Body,1
id_154281,2010/8/10,ªd«½«½¬¡©ÊºÒ­±½¤,0
id_248178,2010/4/23,ªd«½«½¬¡©ÊºÒ­±½¤,0
id_356692,2017/10/7,ªd«½«½¬¡©ÊºÒ­±½¤,0
id_166411,2012/7/15,ªd«½«½¬¡©ÊºÒ­±½¤,0
id_295960,2011/9/29,ªd«½«½¬¡©ÊºÒ­±½¤,0
id_266852,2010/11/17,ªd«½«½¬¡©ÊºÒ­±½¤,0
id_239986,2010/11/6,ªd«½«½¬¡©ÊºÒ­±½¤,0
id_263620,2010/8/28,ªd«½«½¬¡©ÊºÒ­±½¤,0
id_303704,2011/12/18,ªd«½«½¬¡©ÊºÒ­±½¤,0
id_86321,2011/11/27,ªd«½«½¬¡©ÊºÒ­±½¤,0
id_302721,2011/11/18,ªd«½«½¬¡©ÊºÒ­±½¤,0
id_285643,2011/7/21,ªd«½«½¬¡©ÊºÒ­±½¤,0
id_134985,2011/5/4,ªd«½«½¬¡©ÊºÒ­±½¤,0
id_20067,2011/4/22,ªd«½«½¬¡©ÊºÒ­±½¤,0
id_262837,2010/12/27,ªd«½«½¬¡©ÊºÒ­±½¤,0
id_1479,2010/12/6,ªd«½«½¬¡©ÊºÒ­±½¤,0
id_14330,2010/11/4,ªd«½«½¬¡©ÊºÒ­±½¤,0
id_245081,2010/10/27,ªd«½«½¬¡©ÊºÒ­±½¤,0
id_251798,2010/6/26,ªd«½«½¬¡©ÊºÒ­±½¤,0
id_254875,2010/6/20,ªd«½«½¬¡©ÊºÒ­±½¤,0
id_9917,2010/3/23,ªd«½«½¬¡©ÊºÒ­±½¤,0
id_42277,2009/6/4,ªd«½«½¬¡©ÊºÒ­±½¤,0
id_249967,2011/11/24,ªd«½«½¬¡©ÊºÒ­±½¤,0
id_120304,2011/9/3,ªd«½«½¬¡©ÊºÒ­±½¤,0
id_289599,2011/8/9,ªd«½«½¬¡©ÊºÒ­±½¤,0
id_285119,2011/7/7,ªd«½«½¬¡©ÊºÒ­±½¤,0
id_166646,2009/8/5,ªd«½«½¬¡©ÊºÒ­±½¤,0
id_94754,2009/1/31,ªd«½«½¬¡©ÊºÒ­±½¤,0
id_238772,2010/11/16,ªd«½«½¬¡©ÊºÒ­±½¤,0
id_253475,2010/10/28,ªd«½«½¬¡©ÊºÒ­±½¤,0
id_246886,2010/4/26,¬ü½§ªd¼ß­±½¤ Active Mud for Face & Body,1
id_246886,2010/4/21,ªd«½«½¬¡©ÊºÒ­±½¤,0
id_235206,2010/3/6,ªd«½«½¬¡©ÊºÒ­±½¤,0
id_187292,2010/3/2,ªd«½«½¬¡©ÊºÒ­±½¤,0
id_193740,2009/9/25,ªd«½«½¬¡©ÊºÒ­±½¤,0
id_307373,2012/1/3,ªd«½«½¬¡©ÊºÒ­±½¤,0
id_137174,2011/12/11,ªd«½«½¬¡©ÊºÒ­±½¤,0
id_137174,2009/2/4,¬ü½§ªd¼ß­±½¤ Active Mud for Face & Body,1
id_71362,2010/12/17,ªd«½«½¬¡©ÊºÒ­±½¤,0
id_53519,2010/7/26,ªd«½«½¬¡©ÊºÒ­±½¤,0
id_256618,2010/6/21,ªd«½«½¬¡©ÊºÒ­±½¤,0
id_174934,2010/2/6,ªd«½«½¬¡©ÊºÒ­±½¤,0
id_179847,2009/10/15,ªd«½«½¬¡©ÊºÒ­±½¤,0
id_225365,2009/7/31,ªd«½«½¬¡©ÊºÒ­±½¤,0
id_225365,2009/7/22,¬ü½§ªd¼ß­±½¤ Active Mud for Face & Body,1
id_70320,2009/3/23,¬ü½§ªd¼ß­±½¤ Active Mud for Face & Body,1
id_70320,2008/11/15,ªd«½«½¬¡©ÊºÒ­±½¤,0
id_70320,2008/3/7,¼ä½§¦Bªeªd,0
id_70320,2007/5/30,ÄªîP¼ÅÁy¾®ÅS,0
id_86887,2008/5/3,ªd«½«½¬¡©ÊºÒ­±½¤,0
id_255022,2010/7/27,ªd«½«½¬¡©ÊºÒ­±½¤,0
id_225481,2010/4/28,ªd«½«½¬¡©ÊºÒ­±½¤,0
id_139044,2009/11/26,ªd«½«½¬¡©ÊºÒ­±½¤,0
id_97632,2009/11/1,ªd«½«½¬¡©ÊºÒ­±½¤,0
id_134192,2009/8/14,ªd«½«½¬¡©ÊºÒ­±½¤,0
id_73612,2008/10/30,ªd«½«½¬¡©ÊºÒ­±½¤,0
id_100479,2011/12/18,ªd«½«½¬¡©ÊºÒ­±½¤,0
id_65047,2009/8/19,ªd«½«½¬¡©ÊºÒ­±½¤,0
id_86356,2009/5/23,ªd«½«½¬¡©ÊºÒ­±½¤,0
id_279664,2015/7/31,¼ä½§¦Bªeªd,0
id_272794,2016/5/24,¼ä½§¦Bªeªd,0
id_386347,2013/10/16,¼ä½§¦Bªeªd,0
id_341409,2013/9/21,¼ä½§¦Bªeªd,0
id_122009,2014/9/19,¼ä½§¦Bªeªd,0
id_402163,2014/7/16,¼ä½§¦Bªeªd,0
id_301362,2012/9/21,¼ä½§¦Bªeªd,0
id_377671,2014/11/19,¼ä½§¦Bªeªd,0
id_357477,2015/8/10,¼ä½§¦Bªeªd,0
id_39117,2015/6/2,¼ä½§¦Bªeªd,0
id_411164,2015/2/22,¼ä½§¦Bªeªd,0
id_392296,2014/2/1,¼ä½§¦Bªeªd,0
id_423580,2015/9/22,¼ä½§¦Bªeªd,0
id_393535,2014/2/22,¼ä½§¦Bªeªd,0
id_367105,2013/3/27,¼ä½§¦Bªeªd,0
id_399194,2014/5/19,¼ä½§¦Bªeªd,0
id_251578,2014/4/30,¼ä½§¦Bªeªd,0
id_397497,2014/4/21,¼ä½§¦Bªeªd,0
id_404057,2014/8/24,¼ä½§¦Bªeªd,0
id_395319,2014/3/21,¼ä½§¦Bªeªd,0
id_402374,2014/7/21,¼ä½§¦Bªeªd,0
id_375286,2014/5/23,¼ä½§¦Bªeªd,0
id_397297,2014/4/20,¼ä½§¦Bªeªd,0
id_391009,2014/1/7,¼ä½§¦Bªeªd,0
id_379359,2013/7/29,¼ä½§¦Bªeªd,0
id_356753,2013/1/4,¼ä½§¦Bªeªd,0
id_340355,2012/8/26,¼ä½§¦Bªeªd,0
id_404409,2014/8/31,¼ä½§¦Bªeªd,0
id_394378,2014/3/8,¼ä½§¦Bªeªd,0
id_378708,2013/7/15,¼ä½§¦Bªeªd,0
id_308266,2012/9/7,¼ä½§¦Bªeªd,0
id_302307,2011/11/22,¼ä½§¦Bªeªd,0
id_282390,2011/8/4,¼ä½§¦Bªeªd,0
id_365190,2013/7/11,¼ä½§¦Bªeªd,0
id_364682,2013/3/11,¼ä½§¦Bªeªd,0
id_46563,2013/5/6,¬õ¥ÛºhCoQ10­±½¤,0
id_404873,2015/8/14,¬õ¥ÛºhCoQ10­±½¤,0
id_289522,2013/6/2,¬õ¥ÛºhCoQ10­±½¤,0
id_248703,2012/6/20,¬õ¥ÛºhCoQ10­±½¤,0
id_400695,2016/3/19,¬õ¥ÛºhCoQ10­±½¤,0
id_274868,2015/3/4,¬õ¥ÛºhCoQ10­±½¤,0
id_19649,2012/7/5,¬õ¥ÛºhCoQ10­±½¤,0
id_19649,2005/9/26,ÄªîP¼ÅÁy¾®ÅS,0
id_206472,2012/7/2,¬õ¥ÛºhCoQ10­±½¤,0
id_46278,2012/7/3,¬õ¥ÛºhCoQ10­±½¤,0
id_45230,2012/7/3,¬õ¥ÛºhCoQ10­±½¤,0
id_112801,2012/6/30,¬õ¥ÛºhCoQ10­±½¤,0
id_265110,2012/6/25,¬õ¥ÛºhCoQ10­±½¤,0
id_198641,2012/7/4,¬õ¥ÛºhCoQ10­±½¤,0
id_100156,2012/7/4,¬õ¥ÛºhCoQ10­±½¤,0
id_30707,2012/7/4,¬õ¥ÛºhCoQ10­±½¤,0
id_30707,2006/4/6,ÄªîP¼ÅÁy¾®ÅS,0
id_27027,2014/4/11,ªd«½«½¬¡©ÊºÒ­±½¤,0
id_27027,2012/7/25,¬õ¥ÛºhCoQ10­±½¤,0
id_59390,2012/8/31,¬õ¥ÛºhCoQ10­±½¤,0
